max_r2,best_alpha,num_features,params
-0.0016048120477237249,"(1e-06, 0.8200000000000001)",1048,"[100, 'mse', 3, 1, 2, 'sqrt']"
