max_r2,best_alpha,num_features,params

0.03885053010783216,"(4.9999999999999996e-06, 0.9299999999999999)",530,"[100, 'mse', 3, 2, 2, 'sqrt']"

